Age,Experience,Department,Salary,Training_Hours,Attendance,Projects_Completed,Overtime_Hours,Manager_Feedback,Work_Life_Balance,Performance_Rating
50,17,Finance,64420,85,96,8,32,1,8,High
36,13,IT,80568,77,60,2,6,1,4,Medium
29,16,Marketing,110090,10,60,7,40,4,9,High
42,8,Sales,45219,93,80,6,7,2,9,High
40,19,HR,82169,43,74,13,36,7,6,High
44,18,Sales,99965,64,76,14,9,2,2,High
32,1,HR,71840,32,81,9,42,2,7,High
32,14,Sales,69695,58,97,7,14,5,9,High
45,19,HR,109754,41,94,1,37,4,6,High
57,15,Finance,102988,13,75,14,14,8,3,High
45,18,HR,83342,86,67,8,4,4,7,High
24,2,HR,43951,60,76,11,28,6,5,High
43,17,IT,26307,63,76,10,18,5,1,High
23,18,HR,105388,89,85,3,9,2,3,Medium
45,6,IT,115768,6,72,14,11,8,5,High
51,19,Marketing,60428,65,76,2,3,2,7,High
59,4,IT,117021,62,97,12,30,9,3,High
23,1,Finance,100774,64,76,3,17,9,6,High
42,8,IT,63975,44,73,11,15,3,5,High
54,7,Marketing,26140,40,65,6,39,4,1,Medium
33,3,Finance,49842,41,94,13,35,8,6,High
43,10,Sales,51421,83,73,14,24,9,8,High
46,10,Sales,26708,96,67,3,22,3,1,Medium
48,19,IT,28630,22,74,10,11,5,2,High
49,14,IT,44595,67,86,5,33,8,4,High
37,2,Marketing,101021,26,72,6,35,3,2,Medium
36,1,Marketing,53308,15,90,8,36,7,9,High
24,18,HR,69789,62,94,7,2,8,8,High
58,7,Marketing,80690,61,65,14,8,3,8,High
28,8,HR,51086,81,64,11,17,2,4,High
42,1,Finance,41859,8,81,8,42,7,5,High
30,3,IT,32684,90,82,3,34,9,4,High
39,8,Finance,116088,11,84,4,33,1,9,Medium
25,15,Marketing,26207,65,93,6,40,3,2,Medium
46,5,Finance,71099,58,85,11,13,5,8,High
35,3,Finance,92496,92,64,7,3,3,2,High
30,19,Finance,91093,72,85,9,28,1,1,Medium
47,1,Marketing,54689,96,79,13,40,7,3,High
23,15,Finance,73651,83,65,1,44,7,9,High
41,8,HR,38893,5,65,13,49,8,3,High
49,2,Marketing,91418,59,77,8,14,5,9,High
28,3,Finance,85011,7,63,8,27,5,7,High
29,14,Marketing,63635,82,76,6,41,5,1,High
56,14,Sales,81115,42,73,4,15,1,5,Medium
35,11,HR,103405,5,73,3,11,5,9,High
38,16,Finance,97702,42,72,11,4,6,3,High
57,4,Sales,103518,89,66,3,33,1,9,High
25,5,Sales,97805,33,74,6,41,7,5,High
23,14,Marketing,83954,9,78,13,0,1,9,High
27,16,Sales,53064,78,94,8,38,2,6,High
25,18,HR,104063,96,76,7,31,2,9,High
50,7,HR,27454,25,94,11,25,5,7,High
39,10,IT,45878,75,78,1,16,7,7,High
47,7,HR,76098,71,79,11,47,1,8,High
55,1,Sales,87154,51,95,6,26,1,7,High
31,19,HR,37991,88,94,7,23,1,9,High
57,16,Marketing,93344,87,91,12,34,6,9,High
35,19,IT,61593,39,99,7,45,2,6,High
52,4,Sales,61304,72,83,9,41,1,7,High
36,18,IT,55386,73,76,11,38,6,2,High
29,2,Sales,80220,5,66,11,25,2,9,High
35,1,Marketing,94338,72,60,10,48,6,1,High
44,15,IT,119289,16,94,5,37,8,1,High
42,5,Finance,46083,64,91,1,22,2,3,Medium
37,11,Sales,43354,31,95,2,21,9,6,High
39,10,Finance,47190,60,72,4,3,8,5,High
45,2,IT,31142,27,65,5,48,1,2,Low
47,3,Finance,53398,29,73,9,8,7,9,High
46,12,Finance,76971,25,96,11,3,6,4,High
50,5,IT,66862,65,74,1,6,6,4,High
36,5,Marketing,78410,67,63,3,22,6,5,High
22,6,Finance,44503,56,99,5,1,6,8,High
46,9,Finance,73456,92,75,3,48,7,4,High
28,2,Marketing,107035,29,87,4,23,3,5,Medium
30,12,Finance,33016,59,75,14,39,6,4,High
45,3,Finance,27384,50,63,3,30,3,6,Medium
22,12,Finance,87320,36,85,4,46,7,3,High
29,17,HR,40072,59,87,14,30,7,8,High
45,10,Marketing,105018,9,91,13,46,8,6,High
32,14,Finance,65510,40,61,13,39,2,5,High
38,17,Marketing,73933,53,90,1,47,9,2,High
29,18,Sales,46826,62,62,12,42,5,7,High
56,19,Sales,93026,43,67,8,33,9,2,High
56,17,Finance,50518,84,83,4,23,5,1,High
54,14,Marketing,49045,89,74,7,48,7,7,High
26,9,Marketing,75876,65,90,2,25,9,5,High
49,8,Marketing,117446,13,68,2,15,4,1,Medium
28,2,HR,115102,10,98,6,46,2,4,Medium
30,13,Sales,76919,39,61,14,12,9,4,High
29,7,Marketing,52103,43,67,2,14,2,7,Medium
33,9,Marketing,61188,26,66,6,26,3,9,High
55,11,HR,30845,45,98,11,3,2,2,High
54,14,HR,111698,9,75,2,15,3,1,Low
44,4,Marketing,61674,46,94,4,29,6,2,High
45,13,IT,44337,91,89,7,43,3,7,High
58,2,Marketing,47313,85,69,8,29,8,6,High
56,5,Marketing,51943,80,97,3,35,6,4,High
43,11,HR,102949,91,77,14,2,7,1,High
48,6,HR,25276,84,64,13,21,1,1,Medium
56,18,Marketing,76151,71,88,9,48,3,5,High
22,10,Marketing,42611,34,98,2,21,3,1,Medium
56,4,Marketing,36944,61,93,8,49,2,7,High
58,9,HR,77887,90,82,8,49,7,1,High
35,6,Marketing,106442,77,64,13,48,9,1,High
24,2,Marketing,74847,33,89,14,11,4,2,High
22,17,Finance,83653,41,65,4,20,5,3,High
26,5,IT,111072,91,63,1,3,3,1,Medium
47,6,Sales,81622,17,88,13,30,9,9,High
35,12,IT,52810,36,82,1,43,4,8,High
48,10,Finance,102842,50,65,2,30,5,5,High
30,6,Sales,35503,27,91,14,22,1,2,High
36,8,Marketing,109761,49,77,12,19,2,5,High
36,2,Finance,61976,21,74,14,14,9,6,High
47,12,Marketing,36590,89,99,9,22,2,1,High
34,13,HR,35886,70,91,13,27,5,4,High
53,7,Finance,37866,10,68,2,15,8,9,High
53,10,HR,91624,22,96,2,36,3,2,Medium
25,13,Finance,93899,98,69,6,20,6,5,High
51,17,Finance,57792,26,79,7,14,4,1,Medium
58,14,HR,34764,37,65,13,16,7,4,High
44,2,Sales,111156,34,62,7,49,3,4,Medium
36,11,IT,67727,85,70,13,36,6,6,High
50,1,Marketing,103471,36,76,9,12,9,9,High
57,19,Finance,33068,46,91,6,18,1,3,Medium
34,4,Marketing,32295,82,63,14,29,3,9,High
53,19,HR,66160,14,63,8,44,2,6,Medium
28,11,Marketing,36390,40,76,11,17,8,7,High
43,8,HR,45131,38,78,6,13,7,2,High
49,11,Marketing,119754,77,64,2,35,2,6,Medium
23,4,IT,100969,32,91,1,35,6,6,High
27,17,IT,40038,15,81,5,19,3,2,Medium
49,7,IT,77327,82,65,14,18,8,2,High
49,8,IT,118718,43,94,9,44,3,2,High
41,3,IT,102064,51,81,8,43,9,1,High
51,2,IT,46281,23,60,14,6,1,5,High
32,15,HR,79189,19,79,13,43,5,8,High
49,5,Finance,73511,32,81,4,3,3,2,Medium
46,1,Marketing,33605,28,70,5,33,6,5,High
54,4,IT,26381,76,72,13,1,2,8,High
22,15,HR,91634,13,62,5,4,9,5,High
48,19,HR,44810,51,68,6,9,6,2,High
34,3,HR,49322,37,71,3,31,7,3,High
24,11,Finance,66869,66,82,5,41,5,6,High
27,17,Marketing,57955,23,73,2,40,9,5,High
29,13,Finance,86388,71,92,10,12,1,4,High
48,11,Sales,35207,78,77,1,38,5,4,High
30,2,HR,112329,44,68,11,4,6,5,High
58,9,Sales,92628,51,82,1,9,7,2,High
54,2,IT,53220,69,69,10,9,4,9,High
45,9,IT,109050,33,78,7,37,1,2,Medium
36,9,Finance,99085,54,64,2,26,8,2,High
53,8,Marketing,47031,17,82,4,20,4,9,High
53,17,Sales,95721,5,89,5,7,3,3,Medium
45,1,Marketing,105807,38,84,7,0,7,7,High
33,11,Finance,96312,97,87,2,27,2,4,Medium
23,8,IT,84766,52,93,14,48,8,6,High
24,10,Marketing,37449,81,84,6,38,6,4,High
58,7,Marketing,114833,52,69,1,13,7,7,High
38,3,IT,81699,53,73,7,20,5,1,High
23,3,Sales,106253,68,89,9,29,9,3,High
23,18,IT,71092,65,84,5,20,5,3,High
49,5,Marketing,88671,33,73,5,48,5,1,Medium
44,12,Sales,35350,43,94,4,8,3,6,High
58,12,Sales,93487,92,93,3,16,1,9,High
53,19,IT,42622,30,69,9,4,2,8,High
54,6,Marketing,95263,21,94,5,30,8,7,High
22,2,Finance,78117,75,70,8,39,1,8,High
40,12,Marketing,83394,17,70,9,37,7,6,High
23,19,HR,48782,73,80,5,42,5,9,High
47,5,Finance,53454,30,80,10,18,3,3,High
53,12,Sales,92904,53,81,9,35,7,9,High
27,17,Finance,40592,71,66,2,49,9,4,High
53,17,Sales,47173,11,76,9,32,2,7,High
25,10,Sales,58204,62,61,11,12,8,9,High
32,17,Finance,60596,53,71,4,13,9,2,High
38,15,Sales,59324,57,77,6,32,3,2,Medium
59,12,Sales,86202,69,70,6,28,2,9,High
45,16,HR,114400,66,75,6,42,7,3,High
26,19,Marketing,55750,21,77,2,48,5,9,High
55,8,Marketing,101112,47,94,7,35,5,5,High
27,17,HR,41566,29,85,13,43,5,6,High
43,5,Finance,32190,7,75,6,9,4,2,Medium
32,16,IT,113607,83,65,11,30,5,8,High
37,6,IT,63333,33,71,14,5,4,9,High
54,8,IT,105905,36,72,1,0,6,2,High
30,18,HR,114571,30,63,2,6,4,6,High
27,12,HR,26589,20,98,7,26,2,6,High
37,15,Sales,50235,29,61,1,20,9,8,High
50,9,IT,25159,58,85,1,27,2,5,Medium
24,13,Finance,37145,32,86,1,15,9,9,High
41,15,Finance,105909,77,86,8,45,6,1,High
57,10,IT,56921,60,74,4,22,9,9,High
40,16,IT,41237,69,67,4,19,9,7,High
47,7,IT,33244,97,66,13,37,3,4,High
24,17,HR,39743,90,99,2,24,1,3,Medium
40,7,HR,71101,84,71,11,27,1,6,High
41,14,HR,109227,45,72,11,4,3,1,High
53,15,Marketing,81378,55,76,11,20,5,3,High
28,7,Finance,96126,75,76,1,17,3,2,Medium
54,9,Finance,81071,82,95,12,46,9,9,High
39,19,Sales,96121,33,80,10,5,9,3,High
22,16,HR,99763,87,67,9,28,3,2,High
32,8,Marketing,118814,23,64,7,18,3,4,Medium
49,18,Marketing,37237,70,85,4,32,5,2,High
46,18,Finance,40649,45,75,12,0,2,1,High
44,7,HR,62713,49,95,6,44,6,6,High
52,3,Sales,98463,19,87,14,2,7,8,High
51,18,HR,70409,7,88,2,41,9,2,High
56,10,IT,73766,15,71,7,20,6,9,High
28,7,HR,71154,57,96,2,34,3,3,Medium
37,17,IT,32016,50,89,10,40,5,8,High
47,14,IT,104563,34,82,8,39,4,8,High
23,3,Sales,73688,61,75,8,2,5,3,High
22,12,Finance,114678,22,73,1,24,8,3,High
33,13,HR,79238,55,69,13,44,8,6,High
26,2,IT,83608,52,66,8,37,6,1,High
58,3,HR,114081,70,96,2,44,1,4,Medium
53,5,Finance,56897,12,88,6,19,8,1,High
30,11,Finance,75961,26,62,13,43,8,3,High
56,8,Marketing,93703,10,74,1,44,2,9,Medium
40,12,Finance,69757,80,95,5,33,4,5,High
37,7,Sales,51917,61,78,11,20,2,5,High
24,15,IT,47736,40,72,7,47,4,4,High
41,17,Marketing,52990,83,80,13,22,7,3,High
45,4,Sales,87551,96,96,10,5,9,5,High
54,13,HR,83161,61,86,1,12,8,4,High
45,18,IT,104623,53,88,2,48,9,8,High
32,1,Finance,47440,49,79,7,22,8,4,High
29,16,IT,60205,86,84,6,8,2,8,High
57,13,HR,105811,70,65,3,16,7,6,High
59,10,Marketing,80103,81,95,14,1,2,5,High
41,12,Marketing,95812,49,61,10,18,2,4,High
56,2,Marketing,66627,83,81,2,18,4,4,High
46,3,Finance,44008,24,91,10,6,1,4,High
56,10,Sales,96274,68,75,4,41,5,9,High
46,2,Sales,57402,97,77,3,41,6,4,High
50,13,IT,78384,97,64,7,19,9,9,High
39,13,Finance,30793,71,95,8,8,8,6,High
39,18,Marketing,30571,87,89,2,16,2,7,High
23,3,Marketing,41209,7,78,10,26,1,3,Medium
56,7,HR,115930,58,82,7,46,2,8,High
37,14,HR,68148,82,93,8,1,7,3,High
57,17,Marketing,116218,68,72,6,35,4,1,Medium
54,12,Marketing,27224,44,88,6,18,5,5,High
25,16,Finance,73695,63,95,10,16,7,2,High
54,12,Sales,57441,59,81,1,4,3,6,High
35,15,HR,64129,66,95,4,38,2,9,High
42,10,Sales,87368,8,68,14,17,7,1,High
41,7,Finance,117122,64,98,1,6,5,4,High
29,5,Marketing,69760,79,78,4,16,1,1,Medium
28,1,Sales,48478,99,97,2,38,1,1,Medium
24,17,Marketing,96854,95,65,11,35,9,8,High
38,3,Marketing,119230,34,74,13,39,5,2,High
54,13,IT,110716,6,79,5,44,1,1,Low
33,14,Sales,37180,66,68,10,3,7,8,High
43,18,Sales,40372,53,91,14,37,9,4,High
43,4,Marketing,54796,13,63,9,24,1,3,Medium
51,18,Finance,83272,96,77,11,4,4,4,High
59,5,IT,114963,35,64,12,29,3,5,High
59,16,Marketing,118635,65,79,10,11,5,1,High
29,1,HR,79040,83,82,3,3,7,1,High
48,14,HR,100357,52,70,8,23,8,3,High
48,15,IT,96368,29,96,3,28,2,6,Medium
55,9,Finance,103356,40,81,6,8,7,1,High
42,15,Marketing,41211,12,63,4,3,1,2,Low
51,17,Sales,30842,77,88,8,23,7,7,High
54,4,IT,88115,62,93,11,13,8,1,High
49,12,Finance,91852,49,72,6,4,2,7,High
54,5,Sales,70968,66,68,8,17,9,4,High
26,5,HR,42508,43,90,1,41,1,6,Medium
40,11,HR,47005,62,66,6,18,6,8,High
25,6,Sales,79575,85,63,1,11,1,9,High
56,7,IT,105742,87,78,1,17,3,6,High
38,14,HR,43971,68,89,8,16,6,9,High
49,11,Marketing,50599,48,90,7,29,3,4,High
51,13,Sales,112592,33,94,3,23,8,6,High
50,2,Sales,91914,63,80,6,10,5,8,High
27,7,HR,92055,75,90,9,34,2,9,High
56,4,IT,112697,96,78,7,22,4,3,High
58,8,Marketing,30355,13,90,12,16,9,2,High
45,19,IT,79120,96,91,3,0,4,6,High
50,13,Finance,99619,10,61,14,14,8,4,High
52,14,Finance,63342,33,69,14,31,5,1,High
56,10,HR,110992,62,61,13,8,1,8,High
54,11,HR,103860,21,61,6,14,7,9,High
42,2,HR,27257,20,83,11,27,3,9,High
53,9,Finance,52364,91,76,4,23,8,2,High
44,17,IT,49972,99,91,14,34,3,9,High
54,3,IT,51654,7,75,13,21,1,7,High
24,6,HR,105769,25,75,3,26,5,5,High
39,5,Marketing,106423,68,98,9,18,2,7,High
46,5,IT,54320,94,90,10,44,4,9,High
52,15,Finance,45808,40,83,2,11,1,8,Medium
24,17,Sales,77389,90,60,1,19,9,6,High
45,9,Sales,59773,66,70,14,0,6,4,High
53,3,Sales,76168,46,80,2,20,8,1,High
43,17,Marketing,52747,80,63,7,48,4,6,High
44,10,HR,101396,46,66,10,44,9,3,High
23,3,Finance,108692,65,85,1,0,2,6,High
48,18,Marketing,82505,17,71,6,9,9,6,High
23,18,Finance,110896,15,90,14,46,5,4,High
47,17,Finance,43135,58,76,7,31,6,2,High
38,3,HR,115887,20,92,9,38,3,9,High
54,3,Sales,72377,12,70,14,21,4,2,High
30,6,HR,48554,63,87,8,17,6,3,High
50,13,Marketing,87491,61,91,6,47,7,1,High
47,15,Marketing,80621,44,60,3,45,1,7,Medium
56,9,Marketing,83283,63,87,8,31,7,1,High
46,4,HR,110140,6,66,7,26,1,9,Medium
45,14,Finance,41923,98,61,3,27,5,1,Medium
34,5,Finance,72591,98,83,9,17,6,5,High
28,2,IT,87261,80,63,12,38,2,7,High
57,11,Marketing,79336,14,78,2,48,9,3,High
41,9,Finance,99083,48,85,3,28,6,9,High
22,3,IT,85948,15,70,2,17,7,8,High
29,9,Finance,58002,83,99,13,43,8,3,High
37,3,Marketing,105098,84,70,1,7,1,5,Medium
35,2,Sales,98016,85,62,4,30,8,7,High
33,12,Marketing,51672,94,71,5,33,4,4,High
44,10,HR,29213,6,62,13,6,8,5,High
36,9,Finance,35293,54,86,6,35,6,3,High
49,15,Finance,80860,16,61,5,17,9,9,High
55,8,HR,87507,94,75,1,37,4,9,High
23,5,HR,82134,27,61,3,8,2,7,Medium
53,11,Sales,27100,22,89,1,8,2,2,Medium
44,2,Finance,86997,66,79,11,45,5,7,High
43,15,Finance,53172,66,97,5,7,9,7,High
46,6,Sales,45132,42,87,5,34,3,5,High
43,8,IT,43199,71,84,12,17,8,9,High
43,5,Sales,61609,42,91,11,4,4,3,High
27,16,Marketing,67965,71,69,13,13,6,4,High
36,18,Finance,33016,98,99,6,27,6,1,High
58,6,HR,64779,65,92,8,29,3,6,High
54,5,Marketing,56881,5,72,10,3,5,4,High
29,16,Finance,107594,98,96,12,38,3,1,High
26,13,Sales,49472,49,75,1,19,1,2,Low
25,5,Marketing,76813,32,81,4,24,7,3,High
27,13,Finance,61021,25,79,10,27,4,9,High
53,17,IT,79131,17,86,11,11,7,8,High
51,18,IT,49087,31,75,1,1,3,7,High
56,8,HR,37828,11,93,9,42,5,4,High
37,13,Finance,86610,26,91,11,13,5,1,High
34,19,IT,26401,78,85,7,21,2,8,High
51,3,Sales,110179,57,84,7,30,2,4,Medium
40,8,Finance,40193,83,61,12,22,4,3,High
38,2,Sales,117389,83,71,5,47,4,9,High
40,8,Sales,69864,8,99,7,19,4,4,High
49,13,IT,45307,27,68,12,37,6,4,High
47,13,Finance,44611,74,71,2,3,2,9,High
58,1,Marketing,68791,92,85,14,14,6,2,High
47,6,IT,36950,88,68,13,23,7,5,High
44,19,IT,101240,88,69,4,24,3,4,High
30,16,Finance,102403,80,91,14,0,8,9,High
33,8,Finance,27745,37,93,14,6,2,5,High
22,1,Sales,80243,32,79,7,30,8,9,High
22,16,Finance,28866,12,98,3,11,5,9,High
55,9,Sales,57245,5,61,2,41,2,2,Low
53,13,IT,69724,41,60,10,4,7,9,High
46,11,HR,96354,67,95,2,43,2,3,Medium
22,13,Marketing,76374,26,83,13,49,6,4,High
37,10,IT,55116,74,86,1,41,3,1,Medium
26,4,Finance,106029,25,61,5,37,9,1,High
43,6,Marketing,118574,39,90,12,11,3,1,High
50,7,HR,45447,83,73,6,38,3,9,High
24,5,HR,55431,9,61,6,17,5,8,High
33,11,Sales,42908,64,88,9,1,7,5,High
47,13,Marketing,54336,50,74,4,9,8,5,High
37,19,Sales,65992,54,71,1,14,7,9,High
58,10,IT,80350,52,96,6,29,9,3,High
43,10,Marketing,94561,10,87,5,43,5,3,Medium
50,11,IT,76955,93,79,10,16,3,7,High
35,7,Sales,86240,60,98,6,3,6,9,High
49,18,Marketing,45093,63,83,3,6,5,6,High
26,4,Sales,31155,33,80,2,40,4,2,Medium
51,2,Marketing,71607,75,69,6,30,2,1,Medium
26,14,Sales,58487,81,73,13,38,7,2,High
33,13,HR,80668,22,96,1,33,5,1,Medium
37,12,Sales,45963,6,77,7,5,4,9,High
47,7,HR,75124,12,83,7,49,8,8,High
47,2,Sales,77870,79,73,10,37,9,7,High
42,13,Marketing,81547,58,93,13,44,9,3,High
57,14,Marketing,89110,42,71,7,33,3,8,High
54,17,Marketing,78554,52,81,12,43,3,2,High
51,9,Finance,45936,31,65,11,14,5,2,High
58,17,IT,29426,24,95,10,13,5,3,High
44,8,Marketing,113839,16,95,1,5,2,7,Medium
31,2,HR,52606,47,81,4,49,1,1,Low
26,13,Marketing,72832,65,73,13,36,8,8,High
57,3,Finance,53151,35,75,7,49,3,7,High
55,16,HR,104303,95,95,11,31,1,4,High
52,6,Finance,36308,65,84,9,2,1,5,High
31,19,HR,87522,78,91,5,2,2,1,Medium
40,7,Sales,70671,71,92,13,21,6,4,High
53,10,IT,115306,95,95,2,21,6,1,High
22,9,IT,119108,39,79,7,9,3,1,Medium
26,2,Finance,27204,99,77,10,2,4,1,High
25,15,IT,117769,19,97,1,11,2,7,Medium
37,5,Finance,112265,20,62,7,28,2,7,Medium
45,4,Finance,56131,17,82,6,47,7,4,High
37,4,Finance,77428,39,91,7,16,1,2,Medium
23,18,IT,58870,79,75,14,6,7,3,High
49,4,Finance,74067,63,64,13,12,1,8,High
53,17,IT,83585,25,63,10,1,6,8,High
48,12,Finance,46607,58,80,3,3,3,6,High
41,17,Marketing,49968,79,99,3,9,8,9,High
45,10,Finance,36908,34,73,7,38,6,9,High
33,1,HR,51423,52,98,13,23,2,4,High
56,18,Finance,99707,39,90,2,16,8,1,High
54,18,Sales,103257,90,73,1,5,5,1,High
54,14,Finance,86215,42,65,9,18,8,5,High
58,15,HR,80835,35,71,9,4,8,2,High
33,12,HR,74429,82,75,7,31,6,6,High
24,4,IT,107152,28,76,7,9,2,7,High
22,3,Marketing,63458,53,82,3,8,8,1,High
54,12,Finance,71169,36,73,10,26,6,6,High
31,7,IT,32659,59,66,2,12,6,8,High
50,11,Marketing,85614,83,91,11,18,8,5,High
34,1,Finance,102240,62,74,7,20,1,7,High
33,6,Sales,57793,7,76,9,23,2,6,High
52,15,Finance,71473,84,93,1,37,9,4,High
23,15,HR,114388,73,64,13,3,8,7,High
56,19,HR,113330,89,86,14,23,7,9,High
44,11,Sales,80751,14,82,4,34,7,7,High
38,2,IT,103915,87,99,6,2,5,5,High
47,14,Marketing,79254,29,73,7,3,2,7,High
29,2,Finance,32006,72,74,10,36,6,3,High
50,4,HR,99218,65,92,7,39,3,2,Medium
47,17,IT,90344,33,90,10,47,4,5,High
31,3,Sales,58840,23,94,2,34,2,4,Medium
47,13,HR,57430,47,76,14,30,2,5,High
55,9,Sales,48091,70,87,4,43,8,8,High
28,7,Finance,57983,78,78,5,24,8,4,High
25,15,Marketing,48989,65,82,14,39,6,9,High
32,11,HR,100451,47,91,12,12,5,7,High
50,2,HR,43990,29,99,1,3,8,7,High
57,15,Finance,115270,24,72,1,45,4,8,Medium
46,14,IT,105360,52,79,10,13,4,6,High
42,11,Marketing,61081,87,94,3,12,5,8,High
57,3,HR,36033,91,64,10,26,1,3,Medium
31,17,Marketing,41241,28,68,3,5,1,1,Low
58,12,HR,30939,15,88,12,16,2,6,High
30,15,Marketing,72562,59,65,8,35,8,1,High
45,16,Sales,60063,32,84,9,39,7,9,High
56,5,HR,101721,73,90,14,48,9,2,High
56,6,Marketing,52045,67,81,11,34,5,2,High
57,19,IT,69769,63,61,12,16,2,7,High
39,5,Sales,72118,9,64,1,40,7,2,Medium
53,3,Sales,109703,55,86,14,1,8,8,High
45,1,IT,46625,25,84,11,12,7,6,High
44,6,Marketing,52076,16,67,2,1,7,7,High
53,15,Finance,89805,54,60,10,27,5,7,High
58,2,IT,69605,8,79,2,42,2,6,Medium
33,3,Marketing,109565,46,82,4,25,6,9,High
34,17,IT,113509,88,91,2,21,4,9,High
44,12,IT,64121,42,70,7,46,2,7,Medium
46,18,HR,90101,29,98,13,42,9,9,High
56,15,Marketing,56433,18,83,9,2,7,3,High
51,12,Finance,68309,79,70,7,34,6,3,High
38,16,HR,92468,36,88,12,11,5,1,High
41,8,IT,69254,15,85,6,23,3,5,High
46,14,IT,92293,65,75,10,4,4,4,High
43,17,IT,62853,22,94,1,19,3,2,Medium
34,8,Marketing,63405,31,79,11,38,8,9,High
40,15,Marketing,91652,59,62,10,38,3,3,High
57,14,HR,68527,58,60,9,12,7,8,High
33,18,Finance,102227,86,60,5,40,7,6,High
40,7,HR,25492,91,76,11,44,7,5,High
33,3,Sales,118418,79,61,5,11,7,1,High
30,12,IT,33811,25,88,6,12,2,4,Medium
28,3,IT,118344,48,79,9,9,3,3,High
49,14,IT,49272,9,65,13,32,9,1,High
35,15,HR,118935,91,67,8,39,3,5,High
52,14,HR,97010,45,88,8,15,2,6,High
40,7,IT,117492,63,92,14,44,9,2,High
37,17,HR,72153,93,62,8,34,9,3,High
26,12,Marketing,79110,58,94,1,2,4,6,High
56,4,Marketing,38979,78,64,1,4,9,4,High
33,9,HR,53328,26,86,8,25,3,9,High
46,6,IT,37867,87,71,5,10,7,5,High
42,16,HR,84234,69,79,9,6,7,4,High
57,2,HR,50851,68,79,2,9,8,2,High
44,8,HR,56279,75,68,9,41,4,6,High
37,11,Sales,98402,8,98,12,33,3,2,High
35,13,Marketing,40449,69,63,14,2,3,7,High
52,17,Finance,101221,19,78,8,7,5,3,High
26,8,Finance,114080,80,97,9,30,1,9,High
56,18,Sales,30451,26,86,4,10,3,5,High
44,18,HR,112178,90,72,1,44,6,8,High
50,14,Sales,66316,51,72,1,6,3,6,Medium
32,15,Sales,88064,85,81,5,44,5,8,High
39,6,IT,88761,97,87,2,1,9,3,High
33,11,Marketing,63870,50,81,14,5,2,3,High
30,13,Finance,55873,18,78,8,40,2,5,Medium
31,1,HR,83627,54,67,10,31,6,3,High
38,6,Finance,91155,24,67,11,19,6,8,High
59,9,Finance,50372,54,85,5,33,8,8,High
28,8,Marketing,28642,37,85,5,49,2,2,Medium
34,11,Finance,53001,63,82,2,15,9,4,High
30,19,Finance,59064,47,72,7,24,2,1,Medium
48,9,Sales,119826,83,87,13,11,1,4,High
23,17,Marketing,39122,16,68,8,6,2,4,Medium
26,12,IT,49820,44,79,10,38,7,9,High
50,14,HR,93431,24,78,13,16,8,3,High
58,15,Finance,80745,98,98,1,44,5,2,High
59,16,HR,75081,42,71,2,10,6,9,High
40,1,IT,95902,7,74,10,5,1,9,High
29,10,HR,33711,32,90,4,22,6,1,High
22,8,IT,110132,60,73,5,26,8,6,High
43,18,Sales,43793,94,70,13,45,3,8,High
38,1,Finance,33199,98,85,2,5,1,3,Medium
28,2,IT,101253,17,86,1,37,4,9,High
46,1,HR,61191,81,70,9,1,1,2,Medium
25,1,Finance,35211,70,97,14,21,8,6,High
57,9,Sales,88069,41,93,1,19,5,1,Medium
27,13,Finance,113896,53,78,13,24,1,7,High
52,1,IT,81746,70,65,4,14,8,3,High
40,13,Sales,46542,40,97,2,48,9,7,High
48,7,HR,56312,58,87,11,28,2,4,High
31,2,Sales,70242,30,60,4,7,9,9,High
47,6,Sales,118783,79,94,8,36,8,5,High
40,7,Marketing,112893,76,99,8,48,7,3,High
24,14,Sales,80388,44,67,11,32,3,8,High
34,18,Sales,52691,47,66,12,21,2,6,High
49,15,Finance,102960,26,70,9,49,7,2,High
41,2,HR,109388,24,98,13,46,5,3,High
49,10,Finance,47601,12,63,11,4,6,8,High
29,12,Finance,43020,33,84,12,38,4,7,High
22,17,IT,33155,44,71,5,17,2,6,Medium
24,8,Finance,94119,94,85,7,37,9,1,High
34,11,Marketing,106051,34,97,3,36,3,9,High
49,3,Marketing,61777,85,71,10,29,7,3,High
46,6,IT,44710,88,96,4,30,8,5,High
54,9,HR,49532,59,83,10,9,2,7,High
59,6,HR,43601,20,75,9,14,6,7,High
27,9,Finance,88227,50,72,10,41,8,3,High
53,7,Finance,29967,66,84,10,47,7,4,High
42,9,Finance,109289,11,63,14,43,3,7,High
37,18,HR,45022,84,70,12,17,1,8,High
42,12,Sales,68463,49,91,1,22,6,2,High
32,8,Marketing,99671,63,66,2,32,8,9,High
58,8,Sales,30722,60,70,5,15,6,7,High
57,18,Sales,52413,52,87,3,37,5,8,High
56,15,HR,117772,31,82,2,34,8,6,High
40,7,Sales,106050,57,82,1,33,2,6,Medium
41,11,IT,110867,91,87,10,27,1,9,High
39,16,Finance,108596,92,85,3,1,1,4,Medium
35,4,IT,91732,77,84,1,29,4,5,High
36,6,Marketing,37297,39,88,12,12,6,9,High
52,3,Finance,93323,55,78,1,40,9,1,High
22,9,Sales,48816,88,92,12,15,1,4,High
24,10,Marketing,65695,41,95,1,4,1,7,Medium
37,14,Finance,44702,85,73,8,27,5,9,High
44,11,Sales,50242,99,73,3,38,5,6,High
32,18,IT,80841,61,94,11,44,5,8,High
33,12,Finance,92712,12,89,1,19,6,9,High
31,12,Sales,110663,83,87,7,23,8,4,High
53,13,IT,117764,99,76,10,26,3,1,High
37,13,Marketing,78574,98,62,3,29,9,8,High
29,19,Marketing,110744,24,75,8,44,1,2,Medium
59,19,Marketing,53482,57,89,4,26,4,1,Medium
33,14,Marketing,34171,16,88,4,25,9,7,High
45,4,HR,28696,53,74,5,6,8,9,High
49,13,Finance,45058,21,84,6,41,9,9,High
29,8,Finance,45313,68,97,7,46,1,3,Medium
49,19,HR,44149,46,97,14,37,9,6,High
57,12,Sales,78521,98,82,14,4,3,7,High
47,18,Sales,70740,33,84,4,22,9,9,High
29,6,Marketing,29956,23,66,8,27,1,2,Medium
49,18,IT,100731,15,81,13,33,1,8,High
49,19,Sales,107612,54,76,6,14,9,7,High
58,5,IT,91641,75,77,14,31,6,4,High
57,9,Finance,88811,62,69,1,25,4,2,Medium
48,3,IT,77160,38,69,1,47,7,8,High
38,10,Finance,76313,24,66,9,30,5,5,High
30,19,HR,88232,54,97,10,18,7,6,High
54,3,HR,40417,92,86,6,8,8,7,High
41,15,Marketing,49729,14,92,10,28,8,1,High
34,1,Sales,55099,36,60,8,38,1,8,Medium
49,7,Marketing,54961,56,93,13,3,8,4,High
50,12,Finance,37602,19,63,7,2,6,9,High
34,17,Marketing,34256,88,76,12,28,4,1,High
56,5,IT,111120,7,63,6,10,8,2,High
27,4,Finance,59681,41,85,4,32,3,6,High
39,12,HR,116328,44,63,7,37,4,1,Medium
26,18,Sales,112440,76,60,9,10,6,4,High
46,17,Finance,89789,44,66,14,26,7,8,High
23,19,Finance,68361,60,89,11,32,4,5,High
31,9,IT,89503,27,68,10,20,4,9,High
51,4,Sales,59540,15,94,10,38,7,6,High
26,2,HR,51536,68,67,14,30,6,1,High
54,4,Finance,109700,12,83,7,37,8,6,High
22,2,Finance,88043,97,78,1,45,1,6,Medium
39,15,IT,103532,98,95,10,1,7,6,High
53,2,Marketing,81575,60,86,9,26,7,8,High
32,4,HR,27871,64,91,13,35,7,6,High
42,6,Sales,71002,14,73,4,10,7,5,High
47,7,Finance,74812,43,77,3,46,8,2,High
46,10,Finance,47626,32,87,4,17,9,4,High
43,19,HR,84979,53,88,4,0,9,5,High
48,19,Marketing,101057,40,75,13,34,2,4,High
34,12,Finance,91668,17,94,10,34,7,2,High
54,3,HR,105070,40,90,11,30,7,7,High
55,13,IT,114390,30,63,2,27,4,2,Medium
56,18,Marketing,67998,90,96,14,38,9,1,High
22,8,Sales,88814,8,76,12,0,8,5,High
42,15,Finance,70607,99,98,14,24,1,1,High
27,1,HR,32812,86,85,1,42,2,1,Medium
49,3,IT,86844,68,98,12,37,2,1,High
38,8,Sales,95093,42,63,10,19,8,6,High
26,4,HR,27179,92,89,12,2,1,9,High
52,16,HR,68798,91,89,1,1,4,1,High
26,10,Sales,99601,26,81,13,17,5,5,High
59,12,IT,33275,6,70,14,43,9,9,High
24,14,IT,75574,35,61,8,9,7,9,High
44,14,Marketing,72857,15,71,14,4,8,1,High
58,2,Finance,45700,96,89,2,8,9,8,High
58,5,Sales,64464,50,95,12,1,7,1,High
31,5,Sales,67351,66,77,10,33,5,8,High
31,6,Sales,118330,73,85,5,37,5,1,High
40,13,IT,119319,68,66,12,30,6,5,High
38,9,Finance,107534,14,60,4,9,5,8,High
42,15,Marketing,38869,44,85,8,49,9,6,High
35,14,HR,85315,28,82,2,11,3,9,High
30,7,HR,118688,48,85,10,35,3,1,Medium
22,2,Sales,45954,64,65,9,20,7,9,High
34,7,Finance,56555,66,65,7,48,7,1,High
25,6,IT,88353,91,67,13,46,6,3,High
22,17,Finance,107190,21,83,7,5,3,1,Medium
53,2,Finance,70026,69,81,1,47,7,3,High
55,3,IT,71976,99,78,14,48,5,2,High
49,5,Sales,105578,99,96,12,2,7,2,High
52,5,Finance,116502,61,77,2,9,2,9,High
29,1,HR,70095,59,90,4,4,6,8,High
47,8,IT,39270,57,96,4,45,8,1,High
55,12,Marketing,55908,60,89,11,25,1,4,High
24,4,Sales,40523,13,92,14,20,4,1,High
33,13,IT,87433,26,69,3,44,1,1,Low
22,15,Marketing,72068,17,96,7,25,1,4,Medium
26,11,Marketing,44991,93,71,12,37,8,2,High
51,10,Finance,35775,52,89,8,43,7,3,High
51,3,Finance,102801,22,86,2,25,1,9,Medium
38,14,Finance,109995,80,98,4,7,2,2,Medium
44,16,IT,86250,44,68,14,4,4,4,High
36,10,IT,41673,21,80,3,14,1,1,Low
58,10,Sales,52056,19,71,2,15,3,2,Medium
42,12,Finance,31614,19,88,12,0,8,5,High
35,9,Marketing,32415,83,92,13,15,8,1,High
23,1,HR,113691,67,74,14,36,8,7,High
32,5,Sales,68884,43,61,6,2,6,4,High
59,8,IT,41964,17,98,13,46,6,6,High
55,11,Sales,62726,85,77,4,30,5,8,High
59,12,Sales,62044,36,62,6,12,9,6,High
55,1,Sales,82149,13,66,2,15,4,2,Medium
39,11,Sales,62544,44,77,12,42,7,1,High
51,5,HR,74976,24,97,4,20,1,8,High
36,15,Finance,57252,94,96,11,1,9,8,High
48,5,Marketing,28832,95,92,6,26,7,9,High
55,12,Sales,115811,89,90,14,37,9,6,High
59,5,Sales,105437,86,70,5,25,7,1,High
54,17,Sales,59148,81,63,3,37,2,9,High
45,17,Finance,86240,84,77,8,45,6,3,High
36,12,IT,113454,77,63,7,24,4,6,High
51,15,IT,110076,67,93,3,10,3,9,High
38,15,HR,102116,80,88,6,7,2,3,High
26,6,IT,78459,48,83,4,7,6,5,High
50,12,Sales,63402,42,81,11,32,8,5,High
25,18,Sales,82727,87,61,5,6,6,7,High
31,14,Sales,63578,64,65,11,37,9,4,High
38,2,HR,115453,75,84,5,20,5,4,High
31,9,Sales,47318,52,80,7,7,2,7,High
38,5,IT,100715,22,75,11,20,8,9,High
41,1,Finance,102787,20,90,5,19,9,4,High
45,3,Finance,110029,59,73,11,7,4,4,High
26,6,Marketing,45466,43,98,3,45,6,6,High
55,5,IT,70475,72,87,10,30,8,6,High
27,5,Sales,85142,63,91,5,49,9,7,High
23,1,Finance,110160,93,87,7,28,5,1,High
34,17,IT,51564,66,68,5,47,6,3,High
32,19,Finance,47412,17,81,5,8,4,9,High
44,14,Sales,118526,85,91,9,14,5,6,High
37,12,Finance,76001,10,64,3,29,7,6,High
52,10,Marketing,82649,87,82,13,25,9,5,High
32,18,Marketing,85957,81,64,6,9,6,3,High
37,11,Finance,60517,64,91,1,28,6,5,High
29,2,IT,38156,94,69,10,15,8,1,High
25,18,IT,48064,18,98,5,35,4,3,Medium
25,7,IT,50711,99,74,8,19,3,4,High
46,15,Finance,55106,58,66,5,44,7,5,High
24,11,IT,90458,8,88,9,36,5,9,High
53,18,Sales,41589,43,62,11,21,2,4,High
24,12,Marketing,114272,76,78,6,6,2,3,High
48,6,Sales,111511,29,69,8,22,6,1,High
50,13,IT,32214,81,87,10,40,8,6,High
53,16,Sales,110731,36,88,8,39,1,7,High
40,18,IT,52127,63,74,13,28,6,8,High
42,10,Finance,30141,67,94,3,15,2,1,Medium
26,8,Sales,53884,42,65,7,37,2,4,Medium
39,18,Finance,115421,96,71,14,27,7,5,High
49,1,Finance,27708,57,97,7,47,1,2,Medium
43,8,HR,43375,98,72,14,37,6,1,High
42,6,IT,40088,71,88,10,30,7,8,High
27,5,Marketing,82615,32,78,12,13,8,6,High
22,15,IT,70046,7,62,6,32,7,5,High
26,15,Marketing,35014,84,67,12,8,6,9,High
33,2,IT,89425,26,67,7,26,9,2,High
47,1,Finance,28273,42,79,14,23,3,8,High
55,11,Sales,72135,76,63,2,12,6,9,High
35,10,Sales,55881,76,80,9,25,4,1,High
47,18,HR,103077,66,62,10,28,2,7,High
48,18,Marketing,33712,61,67,10,48,1,8,High
30,17,Marketing,99704,10,82,1,42,1,3,Low
47,8,Marketing,77874,82,75,1,27,3,4,Medium
43,15,Finance,94087,36,72,3,27,4,3,Medium
51,8,Marketing,37297,14,62,14,7,2,7,High
38,17,Sales,52128,7,68,3,22,1,9,Medium
47,12,Finance,93368,63,73,1,28,4,3,Medium
57,8,IT,119019,80,72,12,4,7,6,High
22,14,Marketing,112599,53,66,7,41,6,8,High
29,4,Marketing,113499,63,74,4,6,6,6,High
56,1,IT,103958,35,66,10,41,9,2,High
36,1,Marketing,57920,97,97,13,35,2,7,High
43,19,IT,36156,73,93,2,40,4,2,Medium
35,16,Finance,36108,66,81,10,26,5,2,High
47,14,Sales,56845,56,83,5,45,1,2,Medium
49,16,IT,27800,93,96,6,1,8,1,High
44,5,HR,67712,45,60,9,24,8,1,High
35,9,IT,27610,35,69,4,8,6,7,High
45,2,Marketing,102603,89,75,2,26,5,5,High
23,18,Finance,58872,88,67,5,0,8,3,High
47,6,Finance,35728,26,84,3,22,3,1,Medium
35,9,IT,45583,8,71,2,9,3,6,Medium
28,1,Sales,110774,17,84,12,41,2,1,Medium
24,9,HR,32263,49,76,1,24,5,9,High
44,16,Finance,92450,46,85,10,2,3,2,High
39,13,Marketing,114285,53,73,2,5,3,1,Medium
59,9,Marketing,44456,24,95,6,5,6,7,High
56,13,Sales,116118,81,82,8,1,8,6,High
36,9,Finance,90942,85,65,13,17,2,6,High
46,11,IT,38689,58,64,3,22,4,5,High
58,4,Marketing,57934,40,84,11,1,7,4,High
49,2,Sales,58276,5,77,9,11,1,4,Medium
31,6,Finance,44873,19,72,12,21,1,3,Medium
38,14,Finance,38050,81,73,9,36,7,8,High
43,4,Finance,91216,21,87,2,19,7,7,High
47,6,Finance,109444,28,77,8,38,1,9,High
46,19,Finance,109040,62,87,10,23,1,1,Medium
38,6,Marketing,46644,76,86,11,47,4,7,High
34,2,Sales,87021,95,91,12,19,5,4,High
41,18,Finance,62125,27,68,5,0,5,7,High
46,13,HR,91899,50,99,4,0,4,1,High
25,9,HR,67291,76,91,10,16,8,5,High
31,19,Sales,60060,12,79,5,0,7,3,High
24,13,IT,26538,63,87,4,44,9,5,High
39,11,IT,61176,94,92,8,29,7,4,High
57,1,IT,66520,63,63,4,40,1,2,Low
43,7,HR,50675,17,93,13,46,7,4,High
55,15,IT,43287,43,62,10,2,1,3,Medium
29,1,Marketing,25174,32,85,12,45,7,1,High
40,12,Finance,117268,93,67,13,10,8,8,High
58,7,HR,59998,65,65,14,23,9,5,High
27,15,Sales,78312,20,75,6,21,3,4,Medium
47,19,Sales,37112,6,83,2,43,4,5,Medium
55,1,Finance,100225,86,98,5,44,4,4,High
27,17,HR,69814,21,89,6,25,9,3,High
58,17,IT,110091,34,72,5,12,7,5,High
54,3,IT,75719,17,64,12,0,3,4,High
43,12,Marketing,58919,97,84,2,23,5,1,High
42,6,Marketing,98155,98,79,14,9,7,3,High
27,11,IT,96569,86,77,7,34,8,8,High
27,3,Sales,66328,17,77,4,23,1,7,Medium
25,8,Sales,95482,47,61,8,27,2,2,Medium
51,14,Marketing,49618,89,69,7,35,7,1,High
32,14,Finance,59675,98,71,7,15,2,3,High
51,10,IT,43919,25,72,9,39,7,5,High
52,2,Marketing,29173,59,70,1,15,9,1,High
45,14,Marketing,51400,85,78,10,16,2,3,High
30,9,IT,75445,44,94,6,14,7,3,High
24,3,IT,95305,87,98,6,15,4,5,High
52,8,Sales,62564,19,85,6,14,2,3,Medium
58,16,Finance,70814,77,73,13,33,7,9,High
57,2,Finance,104747,56,83,12,10,5,1,High
45,6,IT,113791,78,60,6,0,1,4,Medium
52,12,HR,52962,99,81,12,14,5,4,High
27,5,Marketing,109892,57,82,10,25,3,1,High
23,2,Marketing,110842,91,78,7,3,7,2,High
41,16,IT,95533,56,77,14,42,6,1,High
49,5,HR,81184,34,71,10,4,8,6,High
32,15,Sales,107912,37,87,6,34,5,3,High
25,12,IT,35578,61,87,1,12,2,7,High
36,4,IT,43624,56,92,3,9,9,5,High
27,15,Marketing,64194,13,78,2,10,8,9,High
51,11,IT,25389,58,87,6,17,6,7,High
59,16,IT,92391,5,96,8,33,7,4,High
23,6,IT,38794,48,85,3,38,9,5,High
36,14,Marketing,83002,79,94,10,40,7,5,High
32,18,Sales,60531,84,93,8,41,3,5,High
29,12,Sales,77815,13,94,8,49,6,9,High
47,11,IT,29986,36,99,5,22,7,3,High
26,13,Marketing,57298,19,75,8,6,2,6,High
27,11,Sales,26481,16,97,6,38,3,8,High
47,16,Sales,81408,82,72,5,2,4,9,High
25,15,Sales,94267,61,82,9,11,6,7,High
40,15,Marketing,41835,12,81,14,6,1,3,High
41,4,Marketing,52798,76,75,7,48,9,1,High
54,11,IT,116649,31,87,8,25,5,4,High
41,19,Finance,89887,66,94,1,32,7,6,High
33,15,Sales,44477,16,67,11,36,9,3,High
22,4,Finance,42266,69,81,2,47,9,1,High
47,13,Marketing,111328,46,80,8,14,1,6,High
35,19,Marketing,110988,66,85,12,1,1,1,High
59,2,Marketing,68526,15,99,9,40,3,9,High
58,14,Finance,36889,47,80,4,6,6,1,High
32,4,Marketing,49335,99,84,12,31,2,6,High
57,16,IT,36254,21,60,10,3,1,1,Medium
34,14,Marketing,111610,36,65,11,19,1,7,High
24,15,HR,36442,97,82,10,49,5,3,High
54,3,Finance,71289,89,82,14,35,4,6,High
27,8,HR,78747,89,82,9,31,1,7,High
31,16,Marketing,62327,44,91,4,27,4,1,Medium
26,10,IT,41199,27,89,10,12,3,1,High
44,4,Sales,97827,60,72,10,0,2,5,High
31,18,Marketing,25112,10,77,10,34,9,6,High
23,2,IT,112051,90,82,9,47,1,9,High
34,17,Finance,44581,54,74,11,29,7,1,High
23,13,HR,84722,41,92,7,35,4,4,High
41,4,HR,117036,68,80,2,24,5,8,High
22,11,HR,41523,58,98,9,15,5,9,High
58,7,Finance,91960,76,82,4,18,1,3,Medium
30,12,IT,44552,53,86,8,0,6,2,High
38,10,Finance,35808,15,77,14,4,9,4,High
30,7,HR,97525,92,83,7,21,2,2,High
32,13,Marketing,48620,53,99,13,23,7,1,High
36,7,Sales,25887,25,66,7,42,6,3,High
45,17,Finance,56802,70,79,8,44,5,7,High
59,10,Finance,110024,67,86,1,36,4,1,Medium
56,10,IT,106938,87,65,5,35,4,2,Medium
51,4,IT,111741,32,86,2,35,6,1,Medium
52,4,Finance,51049,21,68,2,3,4,8,High
26,7,HR,102789,10,90,1,35,5,5,Medium
35,1,Sales,109526,23,80,5,17,6,8,High
32,12,IT,32846,60,85,2,49,5,3,Medium
30,13,HR,115563,32,99,4,15,7,7,High
55,10,Marketing,71220,70,72,3,40,9,8,High
33,15,IT,71163,42,82,3,17,7,6,High
56,13,HR,28765,41,79,2,21,7,7,High
56,9,HR,106486,72,96,13,1,4,2,High
22,9,Sales,70270,90,87,6,20,1,8,High
43,15,Sales,100277,94,76,2,35,8,5,High
50,10,Marketing,113278,53,87,14,43,4,7,High
29,10,HR,115239,47,61,14,38,1,1,Medium
32,8,HR,47931,40,84,8,46,5,5,High
58,16,Sales,114116,62,65,8,38,8,1,High
35,17,IT,80633,17,70,13,28,4,8,High
51,5,IT,105702,56,97,14,25,8,4,High
56,4,Finance,76913,62,65,12,20,8,4,High
42,18,Sales,119776,36,70,5,16,3,2,Medium
58,19,Finance,50991,85,73,10,15,9,5,High
26,4,Sales,79845,64,61,7,30,3,1,Medium
40,7,Marketing,80312,87,99,4,8,1,9,High
35,10,HR,35561,62,62,1,30,2,5,Medium
47,18,Marketing,41901,60,94,11,13,6,6,High
25,19,Sales,87875,32,92,2,48,2,2,Low
46,4,HR,50917,5,83,10,36,6,1,High
46,10,IT,87120,46,78,10,1,1,4,High
39,1,IT,26988,86,77,4,47,1,7,Medium
29,18,Finance,39256,52,83,1,45,5,6,High
35,5,Sales,112728,44,94,13,13,9,1,High
53,15,Sales,53230,67,60,8,32,8,1,High
59,17,IT,84778,80,95,9,34,3,8,High
54,3,Marketing,70833,76,84,4,38,3,4,Medium
44,12,HR,47625,92,93,10,46,1,5,High
36,2,Marketing,57088,84,84,3,19,3,7,High
54,1,Marketing,104650,8,75,2,1,1,8,Medium
46,17,IT,66167,42,93,5,40,8,7,High
38,16,IT,96291,31,88,14,18,1,2,High
54,5,IT,90303,13,78,3,36,5,4,Medium
23,15,Finance,101361,20,82,10,17,9,1,High
35,3,Marketing,113229,60,78,7,15,7,9,High
27,7,Sales,29117,80,84,11,3,4,3,High
27,11,HR,115265,35,75,6,11,9,3,High
24,10,Finance,85710,92,68,1,28,9,9,High
28,9,Sales,119426,18,60,12,6,2,3,Medium
29,14,Marketing,119876,29,78,8,13,6,8,High
36,13,IT,92054,38,92,2,11,4,2,Medium
50,2,Marketing,55949,71,93,5,34,8,3,High
54,3,HR,47547,28,75,9,4,7,2,High
51,7,Finance,106882,77,99,8,16,7,1,High
48,18,Finance,93136,30,77,2,41,9,2,High
57,3,HR,89619,24,93,9,31,5,8,High
50,10,Sales,86842,68,84,5,9,6,9,High
59,7,Sales,119803,14,65,10,42,1,2,Medium
54,9,Finance,51990,87,80,14,16,6,7,High
58,17,Finance,41193,71,65,6,4,2,5,High
48,11,IT,55109,28,91,13,44,6,3,High
54,7,Sales,44233,9,98,3,41,9,9,High
25,14,HR,106730,71,90,13,8,8,6,High
43,19,Sales,59510,62,69,3,48,9,1,High
23,4,IT,26306,31,89,10,32,8,5,High
31,6,Finance,28849,84,77,8,35,3,7,High
26,10,Finance,37360,19,83,11,35,8,4,High
31,7,IT,119767,39,68,10,17,6,8,High
54,13,HR,70800,80,90,10,8,6,5,High
59,14,Finance,61963,57,74,12,28,6,9,High
34,4,Marketing,79330,48,63,2,49,3,9,Medium
52,8,Finance,76707,30,99,11,13,1,9,High
57,5,Marketing,43689,51,68,12,24,4,1,High
45,1,IT,54084,38,68,12,14,6,2,High
36,4,IT,65387,91,85,2,5,2,3,Medium
50,3,Finance,99816,99,63,13,41,7,4,High
29,9,Sales,27642,54,76,5,28,7,9,High
26,8,Marketing,67137,88,75,6,14,4,6,High
50,1,HR,104832,16,74,12,28,4,1,High
25,6,Finance,80561,91,94,2,3,1,9,High
33,9,HR,87260,8,64,5,17,2,6,Medium
23,7,Finance,40438,91,64,7,49,9,4,High
48,4,Sales,73442,52,79,10,48,8,4,High
52,13,Sales,27994,59,74,10,43,8,3,High
57,17,Sales,26813,5,77,8,38,9,7,High
57,2,Sales,118027,93,61,12,15,7,3,High
47,5,IT,109381,70,88,7,10,9,2,High
48,12,IT,80276,34,72,8,13,2,8,High
26,8,Marketing,66243,7,63,14,2,6,4,High
41,6,HR,87912,25,69,12,49,3,8,High
32,8,Finance,85272,93,90,9,41,6,1,High
31,18,Finance,67051,88,67,5,37,3,5,High
59,3,IT,103854,53,62,13,44,8,9,High
27,12,Finance,107736,90,68,5,41,4,1,Medium
29,3,IT,90618,89,89,11,17,6,4,High
44,6,Marketing,26920,66,70,10,19,9,6,High
47,2,HR,102219,42,94,4,47,2,8,High
33,12,Marketing,101872,19,96,13,24,2,3,High
47,2,Sales,106132,56,72,9,37,7,5,High
34,6,Sales,27093,83,95,5,12,2,7,High
39,17,Sales,37905,50,72,14,3,2,1,High
46,3,Marketing,49351,29,71,2,13,4,7,High
54,2,Finance,55981,25,96,10,32,9,8,High
33,8,HR,98903,92,69,8,27,8,8,High
57,12,Sales,95821,9,68,7,36,2,9,High
25,4,Sales,107289,74,66,8,7,8,6,High
26,5,Sales,109021,51,61,12,43,4,6,High
58,13,HR,103513,91,82,3,33,2,2,Medium
29,15,Sales,44874,72,98,4,43,7,3,High
49,16,HR,75931,95,99,5,4,6,4,High
52,10,Sales,32674,22,98,6,4,5,4,High
30,16,Marketing,75516,25,80,1,30,1,8,Medium
50,12,Marketing,119574,96,82,4,44,2,1,Medium
35,17,HR,85686,90,88,11,8,8,4,High
43,16,Marketing,119851,27,73,12,41,1,4,Medium
32,12,HR,94212,68,85,10,31,3,1,High
44,8,Marketing,27426,71,64,13,32,2,3,High
22,3,Marketing,115009,44,90,5,2,5,5,High
58,16,HR,93498,14,84,7,29,4,6,High
42,13,Finance,54943,93,90,13,49,7,9,High
47,19,Marketing,91395,56,79,5,11,5,9,High
57,8,Sales,69816,76,76,13,28,8,9,High
44,5,Finance,29138,79,61,13,2,4,1,High
22,8,HR,116176,65,84,1,25,6,9,High
36,12,Finance,100945,68,72,11,29,4,8,High
42,1,IT,29017,9,98,7,8,2,2,Medium
30,6,IT,35451,57,87,8,25,1,1,Medium
30,18,Marketing,87956,59,65,13,1,1,1,Medium
31,8,Marketing,118863,41,62,7,2,8,6,High
47,7,Sales,35278,60,94,11,45,4,9,High
56,1,Finance,115480,63,77,14,3,5,7,High
46,16,IT,68764,97,70,13,24,8,5,High
47,12,Marketing,26134,73,79,4,12,7,2,High
32,6,Finance,87943,77,64,8,38,8,1,High
59,2,Marketing,79318,63,78,5,43,8,2,High
23,14,Marketing,85128,6,81,10,34,6,1,High
28,4,IT,113056,69,78,9,22,2,3,High
39,1,IT,46869,64,75,12,8,6,6,High
48,18,Marketing,30039,55,83,12,1,1,8,High
55,13,HR,46281,34,63,10,40,1,3,Medium
48,2,Marketing,35442,15,74,5,43,3,9,High
38,9,Marketing,98788,96,84,1,30,3,5,High
45,2,Sales,52586,80,94,12,43,5,7,High
46,9,Sales,78053,43,73,9,46,1,8,High
28,1,Sales,75489,94,78,12,1,6,3,High
27,11,HR,108104,81,97,5,31,7,2,High
45,3,HR,111346,76,95,6,17,3,2,High
54,4,Marketing,92087,67,66,4,12,4,5,High
50,18,Sales,37625,68,89,6,45,3,1,Medium
43,6,HR,59397,65,78,12,4,1,2,High
47,3,IT,83671,58,84,8,41,8,9,High
49,11,Marketing,116785,96,75,3,43,2,7,High
42,15,Finance,91897,98,99,5,9,1,6,High
28,5,Marketing,51149,77,67,2,42,8,9,High
38,10,Finance,85030,99,77,14,24,7,7,High
41,12,Sales,94906,62,87,2,33,7,5,High
41,15,Finance,30283,89,75,13,36,4,9,High
43,17,Sales,32610,60,78,7,29,9,6,High
49,10,IT,68326,38,76,10,6,6,6,High
28,6,Finance,39924,35,72,13,5,2,4,High
22,18,Marketing,101162,56,66,10,2,1,1,Medium
53,13,Sales,25869,93,86,14,12,1,5,High
34,3,Marketing,26014,80,69,11,2,9,9,High
51,10,HR,35103,5,93,10,25,4,8,High
44,14,Sales,107522,59,95,6,23,5,8,High
40,6,Finance,58458,26,84,4,5,3,5,High
53,3,Sales,115605,44,65,5,42,4,9,High
